{
  "experiment_info": {
    "type": "multi_seed_benchmark",
    "seeds": [
      42,
      123,
      456,
      789,
      1024
    ],
    "n_seeds": 5,
    "timestamp": "2026-01-09T15:49:54.979437",
    "environment": "EasyFrozenLake 4x4"
  },
  "results": {
    "Q-Learning": {
      "success_rate": {
        "mean": 0.666,
        "std": 0.4221658441892238,
        "values": [
          1.0,
          1.0,
          1.0,
          0.33,
          0.0
        ]
      },
      "mean_reward": {
        "mean": 0.6723799999999999,
        "std": 0.658820292340787,
        "values": [
          1.1945999999999999,
          1.1966999999999999,
          1.1969999999999998,
          0.12459999999999996,
          -0.35100000000000015
        ]
      },
      "mean_steps": {
        "mean": 22.407999999999998,
        "std": 19.74727869859541,
        "values": [
          6.54,
          6.33,
          6.3,
          42.87,
          50.0
        ]
      }
    },
    "DQN": {
      "success_rate": {
        "mean": 0.41200000000000003,
        "std": 0.44928387462716707,
        "values": [
          0.04,
          1.0,
          0.1,
          0.0,
          0.92
        ]
      },
      "mean_reward": {
        "mean": 0.23149999999999982,
        "std": 0.7418068697444099,
        "values": [
          -0.4382000000000001,
          1.1971999999999998,
          -0.32880000000000015,
          -0.3510000000000002,
          1.0782999999999998
        ]
      },
      "mean_steps": {
        "mean": 31.967999999999996,
        "std": 21.065244741042054,
        "values": [
          48.91,
          6.28,
          48.58,
          50.0,
          6.07
        ]
      }
    },
    "DQN+PER": {
      "success_rate": {
        "mean": 0.8019999999999999,
        "std": 0.396,
        "values": [
          1.0,
          1.0,
          1.0,
          1.0,
          0.01
        ]
      },
      "mean_reward": {
        "mean": 0.8696599999999999,
        "std": 0.6525304547682047,
        "values": [
          1.1963,
          1.1967999999999999,
          1.1961,
          1.1945,
          -0.4354000000000003
        ]
      },
      "mean_steps": {
        "mean": 15.126,
        "std": 17.437170183260815,
        "values": [
          6.37,
          6.32,
          6.39,
          6.55,
          50.0
        ]
      }
    },
    "PPO": {
      "success_rate": {
        "mean": 0.986,
        "std": 0.023323807579381222,
        "values": [
          1.0,
          1.0,
          1.0,
          0.94,
          0.99
        ]
      },
      "mean_reward": {
        "mean": 1.1759799999999998,
        "std": 0.035157269518550534,
        "values": [
          1.196,
          1.1963,
          1.1985999999999999,
          1.1065999999999998,
          1.1823999999999997
        ]
      },
      "mean_steps": {
        "mean": 6.302,
        "std": 0.0934665715643836,
        "values": [
          6.4,
          6.37,
          6.14,
          6.34,
          6.26
        ]
      }
    },
    "PPO+RND": {
      "success_rate": {
        "mean": 0.986,
        "std": 0.023323807579381222,
        "values": [
          1.0,
          1.0,
          1.0,
          0.94,
          0.99
        ]
      },
      "mean_reward": {
        "mean": 1.1757399999999998,
        "std": 0.03501260344504535,
        "values": [
          1.196,
          1.1970999999999998,
          1.1966999999999999,
          1.1065999999999998,
          1.1822999999999997
        ]
      },
      "mean_steps": {
        "mean": 6.3260000000000005,
        "std": 0.04498888751680818,
        "values": [
          6.4,
          6.29,
          6.33,
          6.34,
          6.27
        ]
      }
    }
  }
}